Task ID, Task Name,Task Content,Status,Date Created,Date Created Text,Due Date,Due Date Text,Start Date,Start Date Text,Parent ID,Attachments,Assignees,Tags,Priority,List Name,Folder Name/Path,Space Name,Time Estimated,Time Estimated Text,Checklists,Comments,Assigned Comments,Time Spent,Time Spent Text,Rolled Up Time,Rolled Up Time Text
8692tucue,"Skoltech-table5-HfHD","",Closed,1695729307340,"9/26/2023, 4:55:07 PM GMT+5",,"",,"",null,"[]","[]","[]",3,"Skoltech","[""Russia kiosks""]","Terminals","","","{}","[]","0", "",,NaN,
8692tucwe,"Skoltech-table1-HfHD","",Closed,1695729324653,"9/26/2023, 4:55:24 PM GMT+5",,"",,"",null,"[]","[]","[]",3,"Skoltech","[""Russia kiosks""]","Terminals","","","{}","[]","0", "",,NaN,
8692tud0d,"skoltech-G11-V-fHD","",Closed,1695729358779,"9/26/2023, 4:55:58 PM GMT+5",,"",,"",null,"[]","[]","[]",3,"Skoltech","[""Russia kiosks""]","Terminals","","","{}","[]","0", "",,NaN,
8692tud2d,"skoltech-G6-V-fHD","",Closed,1695729371933,"9/26/2023, 4:56:11 PM GMT+5",,"",,"",null,"[]","[]","[]",3,"Skoltech","[""Russia kiosks""]","Terminals","","","{}","[]","0", "",,NaN,
8692tud0w,"skoltech-G8-V-fHD","",Closed,1695729364723,"9/26/2023, 4:56:04 PM GMT+5",,"",,"",null,"[]","[]","[]",3,"Skoltech","[""Russia kiosks""]","Terminals","","","{}","[]","0", "",,NaN,
8692tucv4,"Skoltech-G4-V4K","",Closed,1695729311999,"9/26/2023, 4:55:11 PM GMT+5",,"",,"",null,"[]","[]","[]",3,"Skoltech","[""Russia kiosks""]","Terminals","","","{}","[]","0", "",,NaN,
8692tucx5,"Skoltech-table2-HfHD","",Closed,1695729330539,"9/26/2023, 4:55:30 PM GMT+5",,"",,"",null,"[]","[]","[]",3,"Skoltech","[""Russia kiosks""]","Terminals","","","{}","[]","0", "",,NaN,
8692tucy4,"Skoltech-table3-HfHD","",Closed,1695729337245,"9/26/2023, 4:55:37 PM GMT+5",,"",,"",null,"[]","[]","[]",3,"Skoltech","[""Russia kiosks""]","Terminals","","","{}","[]","0", "",,NaN,
8692tucyx,"Skoltech-table4-HfHD","",Closed,1695729343855,"9/26/2023, 4:55:43 PM GMT+5",,"",,"",null,"[]","[]","[]",3,"Skoltech","[""Russia kiosks""]","Terminals","","","{}","[]","0", "",,NaN,
869363t34,"skoltech-G5-1-V-fHD","",Closed,1700581060158,"11/21/2023, 8:37:40 PM GMT+5",,"",,"",null,"[]","[]","[]",3,"Skoltech","[""Russia kiosks""]","Terminals","","","{}","[]","0", "",,NaN,
869363ukj,"skoltech-G5-2-V-fHD","",Closed,1700581178359,"11/21/2023, 8:39:38 PM GMT+5",,"",,"",null,"[]","[]","[]",3,"Skoltech","[""Russia kiosks""]","Terminals","","","{}","[]","0", "",,NaN,
8692rretq,"msk_adg_budapesht H-FHD","",Closed,1695190964783,"9/20/2023, 11:22:44 AM GMT+5",,"",,"",null,"[]","[]","[]",3,"ADG","[""Russia kiosks""]","Terminals","","","{}","[]","0", "",,NaN,
8692rretu,"msk_adg_neva H-FHD","",Closed,1695190966568,"9/20/2023, 11:22:46 AM GMT+5",,"",,"",null,"[]","[]","[]",3,"ADG","[""Russia kiosks""]","Terminals","","","{}","[]","0", "",,NaN,
8692rrexu,"msk_adg_sofia1 H4K","",Closed,1695191007276,"9/20/2023, 11:23:27 AM GMT+5",,"",,"",null,"[{""title"":""image.png"",""url"":""https://t4602024.p.clickup-attachments.com/t4602024/1bd6e274-6773-4925-bf5c-2400a0c24055/image.png""},{""title"":""image.png"",""url"":""https://t4602024.p.clickup-attachments.com/t4602024/14fa040c-175f-434d-bd66-39f366e9a8c0/image.png""}]","[]","[]",3,"ADG","[""Russia kiosks""]","Terminals","","","{}","[{""text"":""image.png\n"",""by"":""alexey.alexeev@tangovision.ru"",""assigned"":false,""date"":""10/16/2023, 2:02:56 PM GMT+5"",""resolved"":""N/A""},{""text"":""@Anatoly Generalov Слетела активация\nмомент потери в логах\nimage.png\n"",""by"":""alexey.alexeev@tangovision.ru"",""assigned"":false,""date"":""10/16/2023, 2:02:20 PM GMT+5"",""resolved"":""N/A""}]","0", "",,NaN,
8692rrexw,"msk_adg_sofia3 (SW4p13) H4K","",Closed,1695191008394,"9/20/2023, 11:23:28 AM GMT+5",,"",,"",null,"[]","[]","[]",3,"ADG","[""Russia kiosks""]","Terminals","","","{}","[]","0", "",,NaN,
8692rrexz,"msk_adg_sofia5 (SW27p4) H4K","",Closed,1695191009562,"9/20/2023, 11:23:29 AM GMT+5",,"",,"",null,"[]","[]","[]",3,"ADG","[""Russia kiosks""]","Terminals","","","{}","[]","0", "",,NaN,
8692rrey0,"msk_adg_sofia6 (SW8p34) H4K","",Closed,1695191010103,"9/20/2023, 11:23:30 AM GMT+5",,"",,"",null,"[{""title"":""image.png"",""url"":""https://t4602024.p.clickup-attachments.com/t4602024/b85e39b0-547c-4d37-a2a7-e6c5e1e3403a/image.png""},{""title"":""image.png"",""url"":""https://t4602024.p.clickup-attachments.com/t4602024/ee0b7855-b8cb-4a5c-96f9-4853b6882b7e/image.png""},{""title"":""image.png"",""url"":""https://t4602024.p.clickup-attachments.com/t4602024/ef882155-7770-4db7-bc74-cb9b43ffbb39/image.png""},{""title"":""image.png"",""url"":""https://t4602024.p.clickup-attachments.com/t4602024/943a898d-5f5e-4078-9ee1-d91defcc171b/image.png""}]","[]","[]",3,"ADG","[""Russia kiosks""]","Terminals","","","{}","[{""text"":""Снова, на следующий день слетела активация\nimage.pngimage.png\n"",""by"":""alexey.alexeev@tangovision.ru"",""assigned"":""anatoly.generalov@tangovision.ru"",""date"":""10/17/2023, 4:59:52 PM GMT+5"",""resolved"":true},{""text"":""image.png\n"",""by"":""alexey.alexeev@tangovision.ru"",""assigned"":false,""date"":""10/16/2023, 2:05:57 PM GMT+5"",""resolved"":""N/A""},{""text"":""@Anatoly Generalov Слетела активация\nimage.png\n"",""by"":""alexey.alexeev@tangovision.ru"",""assigned"":""anatoly.generalov@tangovision.ru"",""date"":""10/16/2023, 2:05:29 PM GMT+5"",""resolved"":true}]","0", "",,NaN,
8692rrf1a,"msk_adg_ekran1 H4K","",Closed,1695191045380,"9/20/2023, 11:24:05 AM GMT+5",,"",,"",null,"[]","[]","[]",3,"ADG","[""Russia kiosks""]","Terminals","","","{}","[]","0", "",,NaN,
8692rrexy,"msk_adg_sofia4 (SW23p6) H4K","",Closed,1695191009032,"9/20/2023, 11:23:29 AM GMT+5",,"",,"",null,"[]","[]","[]",3,"ADG","[""Russia kiosks""]","Terminals","","","{}","[]","0", "",,NaN,
8692rrey2,"msk_adg_yantar1 H4K","",Closed,1695191010652,"9/20/2023, 11:23:30 AM GMT+5",,"",,"",null,"[]","[]","[]",3,"ADG","[""Russia kiosks""]","Terminals","","","{}","[]","0", "",,NaN,
8692rrett,"msk_adg_elbrus H-FHD","",Closed,1695190965960,"9/20/2023, 11:22:45 AM GMT+5",,"",,"",null,"[]","[]","[]",3,"ADG","[""Russia kiosks""]","Terminals","","","{}","[]","0", "",,NaN,
8692rrezp,"Baikonur_1_H4K","",Closed,1695191030077,"9/20/2023, 11:23:50 AM GMT+5",,"",,"",null,"[]","[]","[]",3,"ADG","[""Russia kiosks""]","Terminals","","","{}","[]","0", "",,NaN,
8692rrezr,"Kirgiziya1 H4K","",Closed,1695191030767,"9/20/2023, 11:23:50 AM GMT+5",,"",,"",null,"[{""title"":""image.png"",""url"":""https://t4602024.p.clickup-attachments.com/t4602024/cfefeb0e-f664-43eb-a24d-5a64024b2d52/image.png""}]","[]","[]",3,"ADG","[""Russia kiosks""]","Terminals","","","{}","[{""text"":""Слетела активация"",""by"":""alexey.alexeev@tangovision.ru"",""assigned"":false,""date"":""12/16/2023, 4:41:37 PM GMT+5"",""resolved"":""N/A""},{""text"":""Слетела активация (первичная)\n"",""by"":""alexey.alexeev@tangovision.ru"",""assigned"":false,""date"":""11/16/2023, 7:50:05 PM GMT+5"",""resolved"":""N/A""},{""text"":""Я не знаю, надпись с URL раньше не видел. Ты же на фронтах это изменение недавно внёс? Там сеть иногда лагает, мы уже договорились вроде, что проблемы сети не должны быть причиной потери активации.  "",""by"":""alexey.alexeev@tangovision.ru"",""assigned"":false,""date"":""10/3/2023, 11:38:56 AM GMT+5"",""resolved"":""N/A""},{""text"":""01.10.2023 Слетела активация, переактивировал\nimage.png\n"",""by"":""alexey.alexeev@tangovision.ru"",""assigned"":""anatoly.generalov@tangovision.ru"",""date"":""10/1/2023, 2:36:02 PM GMT+5"",""resolved"":true}]","0", "",,NaN,
8692rrexv,"msk_adg_sofia2 H4K","",Closed,1695191007856,"9/20/2023, 11:23:27 AM GMT+5",,"",,"",null,"[]","[]","[]",3,"ADG","[""Russia kiosks""]","Terminals","","","{}","[]","0", "",,NaN,
8692rretx,"msk_adg_mars H-FHD","",Closed,1695190967784,"9/20/2023, 11:22:47 AM GMT+5",,"",,"",null,"[]","[]","[]",3,"ADG","[""Russia kiosks""]","Terminals","","","{}","[]","0", "",,NaN,
8692rrety,"msk_adg_vysota H-FHD","",Closed,1695190968327,"9/20/2023, 11:22:48 AM GMT+5",,"",,"",null,"[]","[]","[]",3,"ADG","[""Russia kiosks""]","Terminals","","","{}","[]","0", "",,NaN,
8692rretr,"msk_adg_rassvet H-FHD","",Closed,1695190965331,"9/20/2023, 11:22:45 AM GMT+5",,"",,"",null,"[]","[]","[]",3,"ADG","[""Russia kiosks""]","Terminals","","","{}","[]","0", "",,NaN,
8692rrf17," DepZdrav - Veresaeva - Main","",Closed,1695191044841,"9/20/2023, 11:24:04 AM GMT+5",,"",,"",null,"[]","[]","[]",3,"SSK Veresaevo","[""Russia kiosks""]","Terminals","","","{}","[]","0", "",,NaN,
8692rrewd,"msk_vod_1 (Головинский) V-FHD","",Closed,1695190995275,"9/20/2023, 11:23:15 AM GMT+5",,"",,"",null,"[]","[]","[]",3,"Vodny","[""Russia kiosks""]","Terminals","","","{}","[]","0", "",,NaN,
8692rrewg,"msk_vod_2 (Кронштадский) V-FHD","",Closed,1695190996018,"9/20/2023, 11:23:16 AM GMT+5",,"",,"",null,"[]","[]","[]",3,"Vodny","[""Russia kiosks""]","Terminals","","","{}","[]","0", "",,NaN,
8692rretz,"Zelenopark 16-1 V-FHD","",Closed,1695190968997,"9/20/2023, 11:22:48 AM GMT+5",,"",,"",null,"[{""title"":""Screenshot_2023-12-01-16-00-38-24.jpg"",""url"":""https://t4602024.p.clickup-attachments.com/t4602024/37d6a236-1d4e-437a-a89b-9ccb17a91aec/Screenshot_2023-12-01-16-00-38-24.jpg""}]","[]","[]",3,"Zelenopark","[""Russia kiosks""]","Terminals","","","{}","[{""text"":""Screenshot_2023-12-01-16-00-38-24.jpg "",""by"":""alexey.alexeev@tangovision.ru"",""assigned"":false,""date"":""12/1/2023, 4:01:19 PM GMT+5"",""resolved"":""N/A""}]","0", "",,NaN,
8692rreu2,"Zelenopark 1-1 V-FHD","",Closed,1695190970161,"9/20/2023, 11:22:50 AM GMT+5",,"",,"",null,"[]","[]","[]",3,"Zelenopark","[""Russia kiosks""]","Terminals","","","{}","[]","0", "",,NaN,
8692rreu6,"Zelenopark 2-1 V-FHD","",Closed,1695190971435,"9/20/2023, 11:22:51 AM GMT+5",,"",,"",null,"[]","[]","[]",3,"Zelenopark","[""Russia kiosks""]","Terminals","","","{}","[]","0", "",,NaN,
8692rreu9,"Zelenopark 2-2 V-FHD","",Closed,1695190972298,"9/20/2023, 11:22:52 AM GMT+5",,"",,"",null,"[]","[]","[]",3,"Zelenopark","[""Russia kiosks""]","Terminals","","","{}","[]","0", "",,NaN,
8692rreuc,"Zelenopark 14-2 V-FHD","",Closed,1695190973465,"9/20/2023, 11:22:53 AM GMT+5",,"",,"",null,"[]","[]","[]",3,"Zelenopark","[""Russia kiosks""]","Terminals","","","{}","[]","0", "",,NaN,
8692rreuf,"Zelenopark 17-2 V-FHD","",Closed,1695190974586,"9/20/2023, 11:22:54 AM GMT+5",,"",,"",null,"[]","[]","[]",3,"Zelenopark","[""Russia kiosks""]","Terminals","","","{}","[]","0", "",,NaN,
8692rreut,"Zelenopark 15-1 V-FHD","",Closed,1695190977614,"9/20/2023, 11:22:57 AM GMT+5",,"",,"",null,"[]","[]","[]",3,"Zelenopark","[""Russia kiosks""]","Terminals","","","{}","[]","0", "",,NaN,
8692rreuv,"Zelenopark 15-2 V-FHD","",Closed,1695190978333,"9/20/2023, 11:22:58 AM GMT+5",,"",,"",null,"[]","[]","[]",3,"Zelenopark","[""Russia kiosks""]","Terminals","","","{}","[]","0", "",,NaN,
8692rrev7,"Zelenopark 19-1 V-FHD","",Closed,1695190981694,"9/20/2023, 11:23:01 AM GMT+5",,"",,"",null,"[]","[]","[]",3,"Zelenopark","[""Russia kiosks""]","Terminals","","","{}","[]","0", "",,NaN,
8692rreva,"Zelenopark 19-2 V-FHD","",Closed,1695190982347,"9/20/2023, 11:23:02 AM GMT+5",,"",,"",null,"[]","[]","[]",3,"Zelenopark","[""Russia kiosks""]","Terminals","","","{}","[]","0", "",,NaN,
8692rrevm,"Zelenopark 7-2 V-FHD","",Closed,1695190985473,"9/20/2023, 11:23:05 AM GMT+5",,"",,"",null,"[]","[]","[]",3,"Zelenopark","[""Russia kiosks""]","Terminals","","","{}","[]","0", "",,NaN,
8692rrevp,"Zelenopark 4-1 V-FHD","",Closed,1695190986050,"9/20/2023, 11:23:06 AM GMT+5",,"",,"",null,"[]","[]","[]",3,"Zelenopark","[""Russia kiosks""]","Terminals","","","{}","[]","0", "",,NaN,
8692rrevq,"Zelenopark 4-2 V-FHD","",Closed,1695190986618,"9/20/2023, 11:23:06 AM GMT+5",,"",,"",null,"[]","[]","[]",3,"Zelenopark","[""Russia kiosks""]","Terminals","","","{}","[]","0", "",,NaN,
8692rrevy,"Zelenopark 3-1 V-FHD","",Closed,1695190989554,"9/20/2023, 11:23:09 AM GMT+5",,"",,"",null,"[]","[]","[]",3,"Zelenopark","[""Russia kiosks""]","Terminals","","","{}","[]","0", "",,NaN,
8692rrew0,"Zelenopark 3-2 V-FHD","",Closed,1695190990301,"9/20/2023, 11:23:10 AM GMT+5",,"",,"",null,"[]","[]","[]",3,"Zelenopark","[""Russia kiosks""]","Terminals","","","{}","[]","0", "",,NaN,
8692rrew6,"Zelenopark 8-1 V-FHD","",Closed,1695190992177,"9/20/2023, 11:23:12 AM GMT+5",,"",,"",null,"[]","[]","[]",3,"Zelenopark","[""Russia kiosks""]","Terminals","","","{}","[]","0", "",,NaN,
8692rrew7,"Zelenopark 8-2 V-FHD","",Closed,1695190992954,"9/20/2023, 11:23:12 AM GMT+5",,"",,"",null,"[]","[]","[]",3,"Zelenopark","[""Russia kiosks""]","Terminals","","","{}","[]","0", "",,NaN,
8692rrew8,"Zelenopark 10-1 V-FHD","",Closed,1695190993549,"9/20/2023, 11:23:13 AM GMT+5",,"",,"",null,"[]","[]","[]",3,"Zelenopark","[""Russia kiosks""]","Terminals","","","{}","[]","0", "",,NaN,
8692rrew9,"Zelenopark 10-2 V-FHD","",Closed,1695190994083,"9/20/2023, 11:23:14 AM GMT+5",,"",,"",null,"[]","[]","[]",3,"Zelenopark","[""Russia kiosks""]","Terminals","","","{}","[]","0", "",,NaN,
8692rreve,"Zelenopark 5-2 V-FHD","",Closed,1695190984347,"9/20/2023, 11:23:04 AM GMT+5",,"",,"",null,"[]","[]","[]",3,"Zelenopark","[""Russia kiosks""]","Terminals","","","{}","[]","0", "",,NaN,
8692rreue,"Zelenopark 17-1 V-FHD","",Closed,1695190974046,"9/20/2023, 11:22:54 AM GMT+5",,"",,"",null,"[]","[]","[]",3,"Zelenopark","[""Russia kiosks""]","Terminals","","","{}","[]","0", "",,NaN,
8692rreuy,"Zelenopark 12-1 V-FHD","",Closed,1695190979155,"9/20/2023, 11:22:59 AM GMT+5",,"",,"",null,"[]","[]","[]",3,"Zelenopark","[""Russia kiosks""]","Terminals","","","{}","[]","0", "",,NaN,
8692rrevw,"Zelenopark 11-1 V-FHD","",Closed,1695190988330,"9/20/2023, 11:23:08 AM GMT+5",,"",,"",null,"[]","[]","[]",3,"Zelenopark","[""Russia kiosks""]","Terminals","","","{}","[]","0", "",,NaN,
8692rrev1,"Zelenopark 20-1 V-FHD","",Closed,1695190980412,"9/20/2023, 11:23:00 AM GMT+5",,"",,"",null,"[]","[]","[]",3,"Zelenopark","[""Russia kiosks""]","Terminals","","","{}","[]","0", "",,NaN,
8692rrevv,"Zelenopark 9-2 V-FHD","",Closed,1695190987776,"9/20/2023, 11:23:07 AM GMT+5",,"",,"",null,"[]","[]","[]",3,"Zelenopark","[""Russia kiosks""]","Terminals","","","{}","[]","0", "",,NaN,
8692rrew4,"Zelenopark 6-2 V-FHD","",Closed,1695190991571,"9/20/2023, 11:23:11 AM GMT+5",,"",,"",null,"[]","[]","[]",3,"Zelenopark","[""Russia kiosks""]","Terminals","","","{}","[]","0", "",,NaN,
8692rrew1,"Zelenopark 6-1 V-FHD","",Closed,1695190990913,"9/20/2023, 11:23:10 AM GMT+5",,"",,"",null,"[]","[]","[]",3,"Zelenopark","[""Russia kiosks""]","Terminals","","","{}","[]","0", "",,NaN,
8692rrev0,"Zelenopark 12-2 V-FHD","",Closed,1695190979757,"9/20/2023, 11:22:59 AM GMT+5",,"",,"",null,"[]","[]","[]",3,"Zelenopark","[""Russia kiosks""]","Terminals","","","{}","[]","0", "",,NaN,
8692rreuj,"Zelenopark 18-2 V-FHD","",Closed,1695190975789,"9/20/2023, 11:22:55 AM GMT+5",,"",,"",null,"[]","[]","[]",3,"Zelenopark","[""Russia kiosks""]","Terminals","","","{}","[]","0", "",,NaN,
8692rreu3,"Zelenopark 1-2 V-FHD","",Closed,1695190970819,"9/20/2023, 11:22:50 AM GMT+5",,"",,"",null,"[]","[]","[]",3,"Zelenopark","[""Russia kiosks""]","Terminals","","","{}","[]","0", "",,NaN,
8692rreua,"Zelenopark 14-1 V-FHD","",Closed,1695190972919,"9/20/2023, 11:22:52 AM GMT+5",,"",,"",null,"[]","[]","[]",3,"Zelenopark","[""Russia kiosks""]","Terminals","","","{}","[]","0", "",,NaN,
8692rrevh,"Zelenopark 7-1 V-FHD","",Closed,1695190984935,"9/20/2023, 11:23:04 AM GMT+5",,"",,"",null,"[]","[]","[]",3,"Zelenopark","[""Russia kiosks""]","Terminals","","","{}","[]","0", "",,NaN,
8692rreup,"Zelenopark 13-2 V-FHD","",Closed,1695190976880,"9/20/2023, 11:22:56 AM GMT+5",,"",,"",null,"[]","[]","[]",3,"Zelenopark","[""Russia kiosks""]","Terminals","","","{}","[]","0", "",,NaN,
8692rrev4,"Zelenopark 20-2 V-FHD","",Closed,1695190981075,"9/20/2023, 11:23:01 AM GMT+5",,"",,"",null,"[]","[]","[]",3,"Zelenopark","[""Russia kiosks""]","Terminals","","","{}","[]","0", "",,NaN,
8692rreug,"Zelenopark 18-1 V-FHD","",Closed,1695190975215,"9/20/2023, 11:22:55 AM GMT+5",,"",,"",null,"[]","[]","[]",3,"Zelenopark","[""Russia kiosks""]","Terminals","","","{}","[]","0", "",,NaN,
8692rreu0,"Zelenopark 16-2 V-FHD","",Closed,1695190969563,"9/20/2023, 11:22:49 AM GMT+5",,"",,"",null,"[]","[]","[]",3,"Zelenopark","[""Russia kiosks""]","Terminals","","","{}","[]","0", "",,NaN,
8692rreuk,"Zelenopark 13-1 V-FHD","",Closed,1695190976305,"9/20/2023, 11:22:56 AM GMT+5",,"",,"",null,"[]","[]","[]",3,"Zelenopark","[""Russia kiosks""]","Terminals","","","{}","[]","0", "",,NaN,
8692rrevu,"Zelenopark 9-1 V-FHD","",Closed,1695190987204,"9/20/2023, 11:23:07 AM GMT+5",,"",,"",null,"[]","[]","[]",3,"Zelenopark","[""Russia kiosks""]","Terminals","","","{}","[]","0", "",,NaN,
8692rrevc,"Zelenopark 5-1 V-FHD","",Closed,1695190982993,"9/20/2023, 11:23:02 AM GMT+5",,"",,"",null,"[]","[]","[]",3,"Zelenopark","[""Russia kiosks""]","Terminals","","","{}","[]","0", "",,NaN,
8692rrevx,"Zelenopark 11-2 V-FHD","",Closed,1695190988935,"9/20/2023, 11:23:08 AM GMT+5",,"",,"",null,"[]","[]","[]",3,"Zelenopark","[""Russia kiosks""]","Terminals","","","{}","[]","0", "",,NaN,
8692rrf1c,"2_Captains_2_H-FullHD","",Closed,1695191045921,"9/20/2023, 11:24:05 AM GMT+5",,"",,"",null,"[{""title"":""image.png"",""url"":""https://t4602024.p.clickup-attachments.com/t4602024/eeacefa0-b8c3-4442-8210-8c55e38eab1d/image.png""}]","[]","[]",3,"2 Captains","[""Russia kiosks""]","Terminals","","","{}","[{""text"":""Андрей Логунов:\nimage.png\n"",""by"":""alexey.alexeev@tangovision.ru"",""assigned"":false,""date"":""11/15/2023, 7:25:11 PM GMT+5"",""resolved"":""N/A""},{""text"":""Все терминала в 2 капитанах 20 дней как офлайн\n"",""by"":""alexey.alexeev@tangovision.ru"",""assigned"":false,""date"":""11/13/2023, 1:16:38 PM GMT+5"",""resolved"":""N/A""}]","0", "",,NaN,
8692rrf1j,"2_Captains_3_H-FullHD","",Closed,1695191046496,"9/20/2023, 11:24:06 AM GMT+5",,"",,"",null,"[{""title"":""image.png"",""url"":""https://t4602024.p.clickup-attachments.com/t4602024/860dae2c-ca86-47a6-a921-4880c9bfdcb6/image.png""}]","[]","[]",3,"2 Captains","[""Russia kiosks""]","Terminals","","","{}","[{""text"":""Андрей Логунов:\nimage.png\n"",""by"":""alexey.alexeev@tangovision.ru"",""assigned"":false,""date"":""11/15/2023, 7:25:27 PM GMT+5"",""resolved"":""N/A""},{""text"":""Все терминала в 2 капитанах 20 дней как офлайн\n"",""by"":""alexey.alexeev@tangovision.ru"",""assigned"":false,""date"":""11/13/2023, 1:16:45 PM GMT+5"",""resolved"":""N/A""}]","0", "",,NaN,
8692rrf1n,"2_Captains_1_H-FullHD","",Closed,1695191047057,"9/20/2023, 11:24:07 AM GMT+5",,"",,"",null,"[{""title"":""image.png"",""url"":""https://t4602024.p.clickup-attachments.com/t4602024/f81a476b-af85-4fe5-91b4-f1fbfc6c2009/image.png""}]","[]","[]",3,"2 Captains","[""Russia kiosks""]","Terminals","","","{}","[{""text"":""image.pngАндрей Логунов:\n"",""by"":""alexey.alexeev@tangovision.ru"",""assigned"":false,""date"":""11/15/2023, 7:24:54 PM GMT+5"",""resolved"":""N/A""},{""text"":""Все терминала в 2 капитанах 20 дней как офлайн\n"",""by"":""alexey.alexeev@tangovision.ru"",""assigned"":false,""date"":""11/13/2023, 1:16:50 PM GMT+5"",""resolved"":""N/A""}]","0", "",,NaN,
8692rrezz,"Volgograd 17 V4K","",Closed,1695191032488,"9/20/2023, 11:23:52 AM GMT+5",,"",,"",null,"[]","[]","[]",3,"Aquarele Volgograd","[""Russia kiosks""]","Terminals","","","{}","[]","0", "",,NaN,
8692rrf01,"Volgograd 4 V4K","",Closed,1695191033057,"9/20/2023, 11:23:53 AM GMT+5",,"",,"",null,"[{""title"":""image.png"",""url"":""https://t4602024.p.clickup-attachments.com/t4602024/4ac3e1f2-3aa1-46eb-9e5e-537bba757200/image.png""}]","[]","[]",3,"Aquarele Volgograd","[""Russia kiosks""]","Terminals","","","{}","[{""text"":""@Anatoly Generalov Слетела активация в Волгограде\nimage.png\n"",""by"":""alexey.alexeev@tangovision.ru"",""assigned"":false,""date"":""10/5/2023, 12:59:43 PM GMT+5"",""resolved"":""N/A""}]","0", "",,NaN,
8692rrf03,"Volgograd 7-2 V4K","",Closed,1695191033672,"9/20/2023, 11:23:53 AM GMT+5",,"",,"",null,"[]","[]","[]",3,"Aquarele Volgograd","[""Russia kiosks""]","Terminals","","","{}","[]","0", "",,NaN,
8692rrf04,"Volgograd 12-1V4K","",Closed,1695191034242,"9/20/2023, 11:23:54 AM GMT+5",,"",,"",null,"[]","[]","[]",3,"Aquarele Volgograd","[""Russia kiosks""]","Terminals","","","{}","[]","0", "",,NaN,
8692rrf07,"Volgograd 12-2 V4K","",Closed,1695191034741,"9/20/2023, 11:23:54 AM GMT+5",,"",,"",null,"[]","[]","[]",3,"Aquarele Volgograd","[""Russia kiosks""]","Terminals","","","{}","[]","0", "",,NaN,
8692rrf09,"Volgograd 13-2 V4K","",Closed,1695191035812,"9/20/2023, 11:23:55 AM GMT+5",,"",,"",null,"[]","[]","[]",3,"Aquarele Volgograd","[""Russia kiosks""]","Terminals","","","{}","[]","0", "",,NaN,
8692rrf0g,"Volgograd 16 V4K","",Closed,1695191038037,"9/20/2023, 11:23:58 AM GMT+5",,"",,"",null,"[]","[]","[]",3,"Aquarele Volgograd","[""Russia kiosks""]","Terminals","","","{}","[]","0", "",,NaN,
8692rrf0k,"Volgograd 11 V4K","",Closed,1695191038605,"9/20/2023, 11:23:58 AM GMT+5",,"",,"",null,"[]","[]","[]",3,"Aquarele Volgograd","[""Russia kiosks""]","Terminals","","","{}","[]","0", "",,NaN,
8692rrf0m,"Volgograd 5-2 V4K","",Closed,1695191039968,"9/20/2023, 11:23:59 AM GMT+5",,"",,"",null,"[]","[]","[]",3,"Aquarele Volgograd","[""Russia kiosks""]","Terminals","","","{}","[]","0", "",,NaN,
8692rrf0r,"Volgograd 9-1 V4K","",Closed,1695191041253,"9/20/2023, 11:24:01 AM GMT+5",,"",,"",null,"[]","[]","[]",3,"Aquarele Volgograd","[""Russia kiosks""]","Terminals","","","{}","[{""text"":""слетела активация\n"",""by"":""alexey.alexeev@tangovision.ru"",""assigned"":false,""date"":""12/7/2023, 10:56:56 AM GMT+5"",""resolved"":""N/A""}]","0", "",,NaN,
8692rrf0x,"Volgograd 2-1 V4K","",Closed,1695191042346,"9/20/2023, 11:24:02 AM GMT+5",,"",,"",null,"[]","[]","[]",3,"Aquarele Volgograd","[""Russia kiosks""]","Terminals","","","{}","[]","0", "",,NaN,
8692rrf10,"Volgograd 2-2 V4K","",Closed,1695191042926,"9/20/2023, 11:24:02 AM GMT+5",,"",,"",null,"[]","[]","[]",3,"Aquarele Volgograd","[""Russia kiosks""]","Terminals","","","{}","[{""text"":""Слетела активация\n"",""by"":""alexey.alexeev@tangovision.ru"",""assigned"":false,""date"":""12/7/2023, 10:47:28 AM GMT+5"",""resolved"":""N/A""}]","0", "",,NaN,
8692rrf14,"Volgograd 7-1 V4K new ubuntu","",Closed,1695191044237,"9/20/2023, 11:24:04 AM GMT+5",,"",,"",null,"[]","[]","[]",3,"Aquarele Volgograd","[""Russia kiosks""]","Terminals","","","{}","[]","0", "",,NaN,
8692rrf0e,"Volgograd 15 V4K","",Closed,1695191037446,"9/20/2023, 11:23:57 AM GMT+5",,"",,"",null,"[]","[]","[]",3,"Aquarele Volgograd","[""Russia kiosks""]","Terminals","","","{}","[]","0", "",,NaN,
8692rrf0d,"Volgograd 14-2 V4K","",Closed,1695191036909,"9/20/2023, 11:23:56 AM GMT+5",,"",,"",null,"[]","[]","[]",3,"Aquarele Volgograd","[""Russia kiosks""]","Terminals","","","{}","[]","0", "",,NaN,
8692rrf0a,"Volgograd 14-1 V4K","",Closed,1695191036360,"9/20/2023, 11:23:56 AM GMT+5",,"",,"",null,"[]","[]","[]",3,"Aquarele Volgograd","[""Russia kiosks""]","Terminals","","","{}","[]","0", "",,NaN,
8692rrf08,"Volgograd 13-1 V4K","",Closed,1695191035256,"9/20/2023, 11:23:55 AM GMT+5",,"",,"",null,"[]","[]","[]",3,"Aquarele Volgograd","[""Russia kiosks""]","Terminals","","","{}","[]","0", "",,NaN,
8692rrf0v,"Volgograd 9-2 V4K","",Closed,1695191041790,"9/20/2023, 11:24:01 AM GMT+5",,"",,"",null,"[]","[]","[]",3,"Aquarele Volgograd","[""Russia kiosks""]","Terminals","","","{}","[]","0", "",,NaN,
8692rrf0p,"Volgograd 5-1 V4K","",Closed,1695191040604,"9/20/2023, 11:24:00 AM GMT+5",,"",,"",null,"[]","[]","[]",3,"Aquarele Volgograd","[""Russia kiosks""]","Terminals","","","{}","[]","0", "",,NaN,
8692rrf12,"Volgograd 1 V4K","",Closed,1695191043667,"9/20/2023, 11:24:03 AM GMT+5",,"",,"",null,"[{""title"":""image.png"",""url"":""https://t4602024.p.clickup-attachments.com/t4602024/e9e8ca1b-4298-4a2a-bc94-bcd9ed8da84f/image.png""}]","[]","[]",3,"Aquarele Volgograd","[""Russia kiosks""]","Terminals","","","{}","[{""text"":""@Anatoly Generalov Слетела активация, установил новый враппер\nвот такие ошибки вижу в логах\nimage.png\n"",""by"":""alexey.alexeev@tangovision.ru"",""assigned"":false,""date"":""12/30/2023, 4:14:12 PM GMT+5"",""resolved"":""N/A""},{""text"":""слетела активация\n"",""by"":""alexey.alexeev@tangovision.ru"",""assigned"":false,""date"":""12/7/2023, 10:53:25 AM GMT+5"",""resolved"":""N/A""},{""text"":""ломался SSD диск, разбирался, как заставить его работать, вроде получилось\n"",""by"":""alexey.alexeev@tangovision.ru"",""assigned"":false,""date"":""11/24/2023, 11:59:19 AM GMT+5"",""resolved"":""N/A""}]","0", "",,NaN,
8693e3qfu,"разобраться, что с картой на терминале №1","",Open,1704190281104,"1/2/2024, 3:11:21 PM GMT+5",,"",,"",8692rrf12,"[{""title"":""WhatsApp Video 2024-01-02 at 17.23.07.mp4"",""url"":""https://t4602024.p.clickup-attachments.com/t4602024/69121c67-37a7-4881-af17-4aee43d4eec0/WhatsApp%20Video%202024-01-02%20at%2017.23.07.mp4""},{""title"":""image.png"",""url"":""https://t4602024.p.clickup-attachments.com/t4602024/a9c00dee-2fbc-444d-8fe6-6aa97a629b31/image.png""},{""title"":""image.png"",""url"":""https://t4602024.p.clickup-attachments.com/t4602024/f2c9b4d4-f742-427b-8e57-91aee046315c/image.png""},{""title"":""image.png"",""url"":""https://t4602024.p.clickup-attachments.com/t4602024/181b8814-0538-41c2-96a5-f88f5cd481e8/image.png""},{""title"":""image.png"",""url"":""https://t4602024.p.clickup-attachments.com/t4602024/b065a9c9-e54a-467b-8089-57b7da7f0eac/image.png""},{""title"":""image.png"",""url"":""https://t4602024.p.clickup-attachments.com/t4602024/22b5fb12-5e72-4ced-994c-178ff1211e65/image.png""}]","[Anatoly Generalov]","[]",null,"Aquarele Volgograd","[""Russia kiosks""]","Terminals","","","{}","[{""text"":""@Anatoly Generalov Поздно догадался проверить температуру процессора, она 90 градусов в простое, наверное кулер не крутится\nТак что пока отбой\n"",""by"":""alexey.alexeev@tangovision.ru"",""assigned"":false,""date"":""1/2/2024, 5:34:12 PM GMT+5"",""resolved"":""N/A""},{""text"":""Нет, ошибка не ушла\nWhatsApp Video 2024-01-02 at 17.23.07.mp4\n"",""by"":""alexey.alexeev@tangovision.ru"",""assigned"":false,""date"":""1/2/2024, 5:27:43 PM GMT+5"",""resolved"":""N/A""},{""text"":""@Anatoly Generalov с враппером 1.17.35 так и не получилось заставить работать, откатил на 1.17.28\nошибка ушла\nнадо тестировать версию 1.17.35, смотреть что в ней отличается по компонентам относительно предыдущей 1.17.28\n"",""by"":""alexey.alexeev@tangovision.ru"",""assigned"":""anatoly.generalov@tangovision.ru"",""date"":""1/2/2024, 4:34:51 PM GMT+5"",""resolved"":true},{""text"":""разбираюсь, что там с графикой\nimage.pngвот до обновления драйверов видео\n"",""by"":""alexey.alexeev@tangovision.ru"",""assigned"":false,""date"":""1/2/2024, 3:37:48 PM GMT+5"",""resolved"":""N/A""},{""text"":""Реклама есть, карты нет, по админке - терминал живой\n\n"",""by"":""alexey.alexeev@tangovision.ru"",""assigned"":false,""date"":""1/2/2024, 3:15:56 PM GMT+5"",""resolved"":""N/A""}]","0", "",,NaN,
8692rrezt,"pushkino-2 H-Fhd","",Closed,1695191031315,"9/20/2023, 11:23:51 AM GMT+5",,"",,"",null,"[]","[]","[]",3,"Aquarele Pushkino","[""Russia kiosks""]","Terminals","","","{}","[]","0", "",,NaN,
8692rrezw,"pushkino-1 H-Fhd","",Closed,1695191031852,"9/20/2023, 11:23:51 AM GMT+5",,"",,"",null,"[]","[]","[]",3,"Aquarele Pushkino","[""Russia kiosks""]","Terminals","","","{}","[]","0", "",,NaN,
8692rreyh,"SC1 0_23 V4K","",Closed,1695191016059,"9/20/2023, 11:23:36 AM GMT+5",,"",,"",null,"[]","[]","[]",3,"SilverCity","[""Russia kiosks""]","Terminals","","","{}","[]","0", "",,NaN,
8692rreyn,"SC2 1_59 V4K","",Closed,1695191018525,"9/20/2023, 11:23:38 AM GMT+5",,"",,"",null,"[]","[]","[]",3,"SilverCity","[""Russia kiosks""]","Terminals","","","{}","[]","0", "",,NaN,
8692rreyq,"SC6 1_68 V4K","",Closed,1695191019065,"9/20/2023, 11:23:39 AM GMT+5",,"",,"",null,"[]","[]","[]",3,"SilverCity","[""Russia kiosks""]","Terminals","","","{}","[]","0", "",,NaN,
8692rreyr,"SC3 2_15 V4K","",Closed,1695191019622,"9/20/2023, 11:23:39 AM GMT+5",,"",,"",null,"[]","[]","[]",3,"SilverCity","[""Russia kiosks""]","Terminals","","","{}","[]","0", "",,NaN,
8692rreyt,"SC4 зарина/odjii 3_82 V4K","",Closed,1695191020172,"9/20/2023, 11:23:40 AM GMT+5",,"",,"",null,"[]","[]","[]",3,"SilverCity","[""Russia kiosks""]","Terminals","","","{}","[]","0", "",,NaN,
8692rreym,"SC8 1_17A H-FHD","",Closed,1695191017941,"9/20/2023, 11:23:37 AM GMT+5",,"",,"",null,"[{""title"":""image.png"",""url"":""https://t4602024.p.clickup-attachments.com/t4602024/673b8002-0b9d-4d1b-8b0a-db7986849fdd/image.png""},{""title"":""image.png"",""url"":""https://t4602024.p.clickup-attachments.com/t4602024/bff119b2-1039-4d42-9916-ae9f561b1585/image.png""},{""title"":""image.png"",""url"":""https://t4602024.p.clickup-attachments.com/t4602024/830bde3f-03ee-4fb2-a37e-17ea5a0d8577/image.png""}]","[]","[]",3,"SilverCity","[""Russia kiosks""]","Terminals","","","{}","[{""text"":""Слетела активация, установил 1.17.35\n"",""by"":""alexey.alexeev@tangovision.ru"",""assigned"":false,""date"":""1/2/2024, 2:30:21 PM GMT+5"",""resolved"":""N/A""},{""text"":""image.png\n"",""by"":""alexey.alexeev@tangovision.ru"",""assigned"":false,""date"":""12/25/2023, 12:55:42 PM GMT+5"",""resolved"":""N/A""},{""text"":""третий раз слетела активация\n"",""by"":""alexey.alexeev@tangovision.ru"",""assigned"":false,""date"":""12/25/2023, 12:55:29 PM GMT+5"",""resolved"":""N/A""},{""text"":""Второй раз слетела активация\nimage.png\n"",""by"":""alexey.alexeev@tangovision.ru"",""assigned"":""anatoly.generalov@tangovision.ru"",""date"":""12/3/2023, 2:57:36 PM GMT+5"",""resolved"":true},{""text"":""Первый раз. Ок!  "",""by"":""alexey.alexeev@tangovision.ru"",""assigned"":false,""date"":""10/27/2023, 11:08:46 AM GMT+5"",""resolved"":""N/A""},{""text"":""@Anatoly Generalov Слетела активация!\nimage.png\n"",""by"":""alexey.alexeev@tangovision.ru"",""assigned"":""anatoly.generalov@tangovision.ru"",""date"":""10/26/2023, 12:52:21 PM GMT+5"",""resolved"":true}]","0", "",,NaN,
8692rreyk,"SC7 1_13 V4K","",Closed,1695191017329,"9/20/2023, 11:23:37 AM GMT+5",,"",,"",null,"[]","[]","[]",3,"SilverCity","[""Russia kiosks""]","Terminals","","","{}","[]","0", "",,NaN,
8692rreyj,"SC5 0_10 V4K","",Closed,1695191016676,"9/20/2023, 11:23:36 AM GMT+5",,"",,"",null,"[]","[]","[]",3,"SilverCity","[""Russia kiosks""]","Terminals","","","{}","[]","0", "",,NaN,
8692u6ycv,"SC-9 New 1680-1050 horiz","",Closed,1695894277213,"9/28/2023, 2:44:37 PM GMT+5",,"",,"",null,"[]","[]","[]",3,"SilverCity","[""Russia kiosks""]","Terminals","","","{}","[{""text"":""Терял активацию, сегодня переактивирован\n"",""by"":""alexey.alexeev@tangovision.ru"",""assigned"":false,""date"":""10/27/2023, 4:13:02 PM GMT+5"",""resolved"":""N/A""}]","0", "",,NaN,
8692rrey8,"guap_lensoveta_vertical V4K","",Closed,1695191012375,"9/20/2023, 11:23:32 AM GMT+5",,"",,"",null,"[]","[]","[]",3,"GUAP","[""Russia kiosks""]","Terminals","","","{}","[]","0", "",,NaN,
8692rreya,"guap_moskovsky_vertical V4K","",Closed,1695191012945,"9/20/2023, 11:23:32 AM GMT+5",,"",,"",null,"[]","[]","[]",3,"GUAP","[""Russia kiosks""]","Terminals","","","{}","[]","0", "",,NaN,
8692rreyc,"quap_GA_vertical V4K","",Closed,1695191013504,"9/20/2023, 11:23:33 AM GMT+5",,"",,"",null,"[{""title"":""image.png"",""url"":""https://t4602024.p.clickup-attachments.com/t4602024/227471fe-0c4f-445c-9a53-e90da0256a8d/image.png""}]","[]","[]",3,"GUAP","[""Russia kiosks""]","Terminals","","","{}","[{""text"":""image.png\n"",""by"":""alexey.alexeev@tangovision.ru"",""assigned"":false,""date"":""12/1/2023, 1:46:26 PM GMT+5"",""resolved"":""N/A""},{""text"":""Написал Дмитрию в ГУАП\n"",""by"":""alexey.alexeev@tangovision.ru"",""assigned"":false,""date"":""11/13/2023, 1:19:40 PM GMT+5"",""resolved"":""N/A""},{""text"":""нет связи с терминалом\n"",""by"":""alexey.alexeev@tangovision.ru"",""assigned"":false,""date"":""11/2/2023, 12:41:36 PM GMT+5"",""resolved"":""N/A""}]","0", "",,NaN,
8692rreyd,"guap_zhukova_master V4K","",Closed,1695191014274,"9/20/2023, 11:23:34 AM GMT+5",,"",,"",null,"[{""title"":""image.png"",""url"":""https://t4602024.p.clickup-attachments.com/t4602024/39107e4a-de63-4c66-9fa4-046a3d685eeb/image.png""}]","[]","[]",3,"GUAP","[""Russia kiosks""]","Terminals","","","{}","[{""text"":""image.png\n"",""by"":""alexey.alexeev@tangovision.ru"",""assigned"":false,""date"":""11/2/2023, 12:43:24 PM GMT+5"",""resolved"":""N/A""},{""text"":""Слетела активация\n"",""by"":""alexey.alexeev@tangovision.ru"",""assigned"":false,""date"":""11/2/2023, 12:42:39 PM GMT+5"",""resolved"":""N/A""}]","0", "",,NaN,
8692rreye,"guap_peredovikov_vertical V4K","",Closed,1695191014872,"9/20/2023, 11:23:34 AM GMT+5",,"",,"",null,"[]","[]","[]",3,"GUAP","[""Russia kiosks""]","Terminals","","","{}","[]","0", "",,NaN,
8692rreyf,"guap_varshavskaya_vertical V4K","",Closed,1695191015435,"9/20/2023, 11:23:35 AM GMT+5",,"",,"",null,"[]","[]","[]",3,"GUAP","[""Russia kiosks""]","Terminals","","","{}","[]","0", "",,NaN,
8692rrey4,"guap_bm_horizontal H4K","",Closed,1695191011227,"9/20/2023, 11:23:31 AM GMT+5",,"",,"",null,"[]","[]","[]",3,"GUAP","[""Russia kiosks""]","Terminals","","","{}","[{""text"":""Слетела активация\n"",""by"":""alexey.alexeev@tangovision.ru"",""assigned"":false,""date"":""12/11/2023, 2:38:30 PM GMT+5"",""resolved"":""N/A""},{""text"":""Написал Дмитрию в ГУАП\n"",""by"":""alexey.alexeev@tangovision.ru"",""assigned"":false,""date"":""11/13/2023, 1:19:51 PM GMT+5"",""resolved"":""N/A""},{""text"":""Нет связи с терминалом\n"",""by"":""alexey.alexeev@tangovision.ru"",""assigned"":false,""date"":""11/13/2023, 12:37:54 PM GMT+5"",""resolved"":""N/A""},{""text"":""Слетела активация\n"",""by"":""alexey.alexeev@tangovision.ru"",""assigned"":false,""date"":""11/2/2023, 12:40:30 PM GMT+5"",""resolved"":""N/A""}]","0", "",,NaN,
8692rrey6,"guap_bm_vertical V4K","",Closed,1695191011788,"9/20/2023, 11:23:31 AM GMT+5",,"",,"",null,"[]","[]","[]",3,"GUAP","[""Russia kiosks""]","Terminals","","","{}","[]","0", "",,NaN,
8692rrex6,"Shokolad 1-1 Центральный вход V4K","",Closed,1695191003578,"9/20/2023, 11:23:23 AM GMT+5",,"",,"",null,"[]","[]","[]",3,"Shokolad","[""Russia kiosks""]","Terminals","","","{}","[]","0", "",,NaN,
8692rrex8,"Shokolad 1-2 Фонтан V4K","",Closed,1695191004262,"9/20/2023, 11:23:24 AM GMT+5",,"",,"",null,"[]","[]","[]",3,"Shokolad","[""Russia kiosks""]","Terminals","","","{}","[]","0", "",,NaN,
8692rrexd,"Shokolad 1-3 Лента V4K","",Closed,1695191004886,"9/20/2023, 11:23:24 AM GMT+5",,"",,"",null,"[{""title"":""image.png"",""url"":""https://t4602024.p.clickup-attachments.com/t4602024/de568aed-ad26-49b7-8300-028cc681544d/image.png""}]","[]","[]",3,"Shokolad","[""Russia kiosks""]","Terminals","","","{}","[{""text"":""Слетела активация \nimage.png\n"",""by"":""alexey.alexeev@tangovision.ru"",""assigned"":false,""date"":""12/5/2023, 11:32:19 AM GMT+5"",""resolved"":""N/A""},{""text"":""Нет связи, сообщил Видмановой\n"",""by"":""alexey.alexeev@tangovision.ru"",""assigned"":false,""date"":""11/13/2023, 12:41:37 PM GMT+5"",""resolved"":""N/A""}]","0", "",,NaN,
8692rrexh,"Shokolad 2-1 Stradivarius V4K","",Closed,1695191005500,"9/20/2023, 11:23:25 AM GMT+5",,"",,"",null,"[]","[]","[]",3,"Shokolad","[""Russia kiosks""]","Terminals","","","{}","[{""text"":""8693a9r3t производится ремонт\n"",""by"":""alexey.alexeev@tangovision.ru"",""assigned"":false,""date"":""12/11/2023, 5:10:01 PM GMT+5"",""resolved"":""N/A""},{""text"":""Нет связи, сообщил Видмановой\n"",""by"":""alexey.alexeev@tangovision.ru"",""assigned"":false,""date"":""11/13/2023, 12:41:42 PM GMT+5"",""resolved"":""N/A""}]","0", "",,NaN,
8692rrexn,"Shokolad 4-1 Синема Кафе V4K","",Closed,1695191006168,"9/20/2023, 11:23:26 AM GMT+5",,"",,"",null,"[]","[]","[]",3,"Shokolad","[""Russia kiosks""]","Terminals","","","{}","[{""text"":""Слетела активация\n"",""by"":""alexey.alexeev@tangovision.ru"",""assigned"":false,""date"":""12/14/2023, 10:05:41 PM GMT+5"",""resolved"":""N/A""}]","0", "",,NaN,
8692rrexr,"Shokolad 4-2 Gulliver V4K","",Closed,1695191006729,"9/20/2023, 11:23:26 AM GMT+5",,"",,"",null,"[]","[]","[]",3,"Shokolad","[""Russia kiosks""]","Terminals","","","{}","[{""text"":""Слетела активация\n"",""by"":""alexey.alexeev@tangovision.ru"",""assigned"":false,""date"":""11/22/2023, 10:00:31 PM GMT+5"",""resolved"":""N/A""}]","0", "",,NaN,
8692rret9,"OZMall MD_01_03_FHD (Спортмастер)","",Closed,1695190961183,"9/20/2023, 11:22:41 AM GMT+5",,"",,"",null,"[]","[]","[]",3,"Ozmall","[""Russia kiosks""]","Terminals","","","{}","[]","0", "",,NaN,
8692rretb,"OZMall MD_01_01_FHD (H&M)","",Closed,1695190961753,"9/20/2023, 11:22:41 AM GMT+5",,"",,"",null,"[]","[]","[]",3,"Ozmall","[""Russia kiosks""]","Terminals","","","{}","[]","0", "",,NaN,
8692rretf,"OZMall MD_02_01_FHD (H&M)","",Closed,1695190962388,"9/20/2023, 11:22:42 AM GMT+5",,"",,"",null,"[]","[]","[]",3,"Ozmall","[""Russia kiosks""]","Terminals","","","{}","[]","0", "",,NaN,
8692rretj,"OZMall MD_02_04_FHD (Large Atrium)","",Closed,1695190963491,"9/20/2023, 11:22:43 AM GMT+5",,"",,"",null,"[]","[]","[]",3,"Ozmall","[""Russia kiosks""]","Terminals","","","{}","[]","0", "",,NaN,
8692rretn,"OZMall MD_02_05_FHD (Il Патио)","",Closed,1695190964210,"9/20/2023, 11:22:44 AM GMT+5",,"",,"",null,"[]","[]","[]",3,"Ozmall","[""Russia kiosks""]","Terminals","","","{}","[]","0", "",,NaN,
8692rret2,"ozmall_2_FHD","",Closed,1695190957449,"9/20/2023, 11:22:37 AM GMT+5",,"",,"",null,"[]","[]","[]",3,"Ozmall","[""Russia kiosks""]","Terminals","","","{}","[]","0", "",,NaN,
8692rret3,"OZMall MD_01_07_FHD (Вход Кропоткин)","",Closed,1695190958079,"9/20/2023, 11:22:38 AM GMT+5",,"",,"",null,"[]","[]","[]",3,"Ozmall","[""Russia kiosks""]","Terminals","","","{}","[]","0", "",,NaN,
8692rret4,"OZMall MD_01_06_FHD (Gloria Jeans)","",Closed,1695190958695,"9/20/2023, 11:22:38 AM GMT+5",,"",,"",null,"[]","[]","[]",3,"Ozmall","[""Russia kiosks""]","Terminals","","","{}","[]","0", "",,NaN,
8692rret6,"OZMall MD_01_04_FHD (Sky Ice Cafe)","",Closed,1695190959806,"9/20/2023, 11:22:39 AM GMT+5",,"",,"",null,"[]","[]","[]",3,"Ozmall","[""Russia kiosks""]","Terminals","","","{}","[]","0", "",,NaN,
8692rret8,"OZMall MD_01_02_FHD  (Info Desk)","",Closed,1695190960434,"9/20/2023, 11:22:40 AM GMT+5",,"",,"",null,"[]","[]","[]",3,"Ozmall","[""Russia kiosks""]","Terminals","","","{}","[]","0", "",,NaN,
8692rreth,"OZMall MD_02_02_FHD (Small Atrium)","",Closed,1695190962925,"9/20/2023, 11:22:42 AM GMT+5",,"",,"",null,"[]","[]","[]",3,"Ozmall","[""Russia kiosks""]","Terminals","","","{}","[]","0", "",,NaN,
8692rret5,"OZMall MD_01_05_FHD (Sky Ice)","",Closed,1695190959227,"9/20/2023, 11:22:39 AM GMT+5",,"",,"",null,"[]","[]","[]",3,"Ozmall","[""Russia kiosks""]","Terminals","","","{}","[]","0", "",,NaN,
8692rrerz,"Kryl'ya SM (MSC) V-FHD","",Closed,1695190956741,"9/20/2023, 11:22:36 AM GMT+5",,"",,"",null,"[]","[]","[]",3,"Kryl'ya","[""Russia kiosks""]","Terminals","","","{}","[]","0", "",,NaN,
8692rreyv,"Troyka 4-2 V4K","",Closed,1695191020720,"9/20/2023, 11:23:40 AM GMT+5",,"",,"",null,"[]","[]","[]",3,"Troyka","[""Russia kiosks""]","Terminals","","","{}","[]","0", "",,NaN,
8692rreyy,"Troyka 4-1 V4K","",Closed,1695191021395,"9/20/2023, 11:23:41 AM GMT+5",,"",,"",null,"[]","[]","[]",3,"Troyka","[""Russia kiosks""]","Terminals","","","{}","[]","0", "",,NaN,
8692rrez2,"Troyka 2-1 V4K","",Closed,1695191023221,"9/20/2023, 11:23:43 AM GMT+5",,"",,"",null,"[]","[]","[]",3,"Troyka","[""Russia kiosks""]","Terminals","","","{}","[]","0", "",,NaN,
8692rrez3,"Troyka 5-2 V4K","",Closed,1695191024439,"9/20/2023, 11:23:44 AM GMT+5",,"",,"",null,"[]","[]","[]",3,"Troyka","[""Russia kiosks""]","Terminals","","","{}","[]","0", "",,NaN,
8692rrez6,"Troyka 1-2 V4K","",Closed,1695191025607,"9/20/2023, 11:23:45 AM GMT+5",,"",,"",null,"[]","[]","[]",3,"Troyka","[""Russia kiosks""]","Terminals","","","{}","[]","0", "",,NaN,
8692rrez7,"Troyka 5-1 V4K","",Closed,1695191026178,"9/20/2023, 11:23:46 AM GMT+5",,"",,"",null,"[]","[]","[]",3,"Troyka","[""Russia kiosks""]","Terminals","","","{}","[]","0", "",,NaN,
8692rrezg,"Troyka 6-1 V4K","",Closed,1695191028714,"9/20/2023, 11:23:48 AM GMT+5",,"",,"",null,"[]","[]","[]",3,"Troyka","[""Russia kiosks""]","Terminals","","","{}","[]","0", "",,NaN,
8692rrezk,"Troyka 6-2 V4K","",Closed,1695191029296,"9/20/2023, 11:23:49 AM GMT+5",,"",,"",null,"[]","[]","[]",3,"Troyka","[""Russia kiosks""]","Terminals","","","{}","[]","0", "",,NaN,
8692rreyz,"Troyka 3-2 V4K","",Closed,1695191021980,"9/20/2023, 11:23:41 AM GMT+5",,"",,"",null,"[]","[]","[]",3,"Troyka","[""Russia kiosks""]","Terminals","","","{}","[]","0", "",,NaN,
8692rrez1,"Troyka 3-1 V4K","",Closed,1695191022503,"9/20/2023, 11:23:42 AM GMT+5",,"",,"",null,"[]","[]","[]",3,"Troyka","[""Russia kiosks""]","Terminals","","","{}","[]","0", "",,NaN,
8692rrez4,"Troyka 2-2 V4K","",Closed,1695191024987,"9/20/2023, 11:23:44 AM GMT+5",,"",,"",null,"[]","[]","[]",3,"Troyka","[""Russia kiosks""]","Terminals","","","{}","[]","0", "",,NaN,
8692rreze,"Troyka 7-2 V4K","",Closed,1695191028114,"9/20/2023, 11:23:48 AM GMT+5",,"",,"",null,"[]","[]","[]",3,"Troyka","[""Russia kiosks""]","Terminals","","","{}","[]","0", "",,NaN,
8692rrez8,"Troyka 1-1 V4K","",Closed,1695191026707,"9/20/2023, 11:23:46 AM GMT+5",,"",,"",null,"[]","[]","[]",3,"Troyka","[""Russia kiosks""]","Terminals","","","{}","[]","0", "",,NaN,
8692rreza,"Troyka 7-1 V4K","",Closed,1695191027278,"9/20/2023, 11:23:47 AM GMT+5",,"",,"",null,"[]","[]","[]",3,"Troyka","[""Russia kiosks""]","Terminals","","","{}","[]","0", "",,NaN,
8692rrf1q,"gal_1_1(главный вход)","",Closed,1695191047598,"9/20/2023, 11:24:07 AM GMT+5",,"",,"",null,"[]","[]","[]",3,"Galeria","[""Russia kiosks""]","Terminals","","","{}","[]","0", "",,NaN,
8692rrf1t,"gal_1_2 (вх восстания 2)","",Closed,1695191048144,"9/20/2023, 11:24:08 AM GMT+5",,"",,"",null,"[{""title"":""image.png"",""url"":""https://t4602024.p.clickup-attachments.com/t4602024/f83889e6-1ccc-47d9-8409-3f6d592b091f/image.png""}]","[]","[]",3,"Galeria","[""Russia kiosks""]","Terminals","","","{}","[{""text"":""@Anatoly Generalov \nimage.pngслетела активация, но PIN код не выдается\nкак такое может быть?\n"",""by"":""alexey.alexeev@tangovision.ru"",""assigned"":""anatoly.generalov@tangovision.ru"",""date"":""11/13/2023, 7:09:30 PM GMT+5"",""resolved"":true}]","0", "",,NaN,
8692rrf1x,"gal_1_4 (Ривгош)","",Closed,1695191048782,"9/20/2023, 11:24:08 AM GMT+5",,"",,"",null,"[]","[]","[]",3,"Galeria","[""Russia kiosks""]","Terminals","","","{}","[]","0", "",,NaN,
8692rrf1y,"gal_1_3 (выход лиговский)","",Closed,1695191049331,"9/20/2023, 11:24:09 AM GMT+5",,"",,"",null,"[]","[]","[]",3,"Galeria","[""Russia kiosks""]","Terminals","","","{}","[]","0", "",,NaN,
8692rrf29,"gal_2_4 (reserve)","",Closed,1695191051869,"9/20/2023, 11:24:11 AM GMT+5",,"",,"",null,"[]","[]","[]",3,"Galeria","[""Russia kiosks""]","Terminals","","","{}","[]","0", "",,NaN,
8692rrf2b,"gal_3_3 (m-video)","",Closed,1695191052455,"9/20/2023, 11:24:12 AM GMT+5",,"",,"",null,"[{""title"":""image.png"",""url"":""https://t4602024.p.clickup-attachments.com/t4602024/f00ef570-7130-4ed8-9e1e-2512a8800016/image.png""}]","[]","[]",3,"Galeria","[""Russia kiosks""]","Terminals","","","{}","[{""text"":""слетела активация\nimage.png\n"",""by"":""alexey.alexeev@tangovision.ru"",""assigned"":false,""date"":""11/23/2023, 10:08:30 PM GMT+5"",""resolved"":""N/A""}]","0", "",,NaN,
8692rrf2d,"gal_3_2 (сев эск up)","",Closed,1695191053617,"9/20/2023, 11:24:13 AM GMT+5",,"",,"",null,"[]","[]","[]",3,"Galeria","[""Russia kiosks""]","Terminals","","","{}","[]","0", "",,NaN,
8692rrf2e,"gal_3_4 (Ostin)","",Closed,1695191054195,"9/20/2023, 11:24:14 AM GMT+5",,"",,"",null,"[]","[]","[]",3,"Galeria","[""Russia kiosks""]","Terminals","","","{}","[{""text"":""Нет связи с терминалом\n"",""by"":""alexey.alexeev@tangovision.ru"",""assigned"":false,""date"":""11/10/2023, 12:56:40 PM GMT+5"",""resolved"":""N/A""}]","0", "",,NaN,
8692rrf2h,"gal_4_1 (administration)","",Closed,1695191054800,"9/20/2023, 11:24:14 AM GMT+5",,"",,"",null,"[]","[]","[]",3,"Galeria","[""Russia kiosks""]","Terminals","","","{}","[]","0", "",,NaN,
8692rrf2k,"gal_4_2 (детский мир)","",Closed,1695191055393,"9/20/2023, 11:24:15 AM GMT+5",,"",,"",null,"[{""title"":""image.png"",""url"":""https://t4602024.p.clickup-attachments.com/t4602024/1c773aa0-b1ac-4e2a-80e9-d81ed6062b1b/image.png""},{""title"":""image.png"",""url"":""https://t4602024.p.clickup-attachments.com/t4602024/d7ff317c-c0d9-4223-b22a-39c9773ce465/image.png""},{""title"":""image.png"",""url"":""https://t4602024.p.clickup-attachments.com/t4602024/482ae22b-947b-4d0d-8a66-2d5caf78f8dc/image.png""},{""title"":""image.png"",""url"":""https://t4602024.p.clickup-attachments.com/t4602024/f44627ae-5f1a-420d-a850-d207137cac8f/image.png""}]","[]","[]",3,"Galeria","[""Russia kiosks""]","Terminals","","","{}","[{""text"":""снова слетела активация\nimage.png@Anatoly Generalov @Pavel Shershniov \n"",""by"":""alexey.alexeev@tangovision.ru"",""assigned"":false,""date"":""12/18/2023, 10:21:48 AM GMT+5"",""resolved"":""N/A""},{""text"":""снова слетела активация\n"",""by"":""alexey.alexeev@tangovision.ru"",""assigned"":false,""date"":""12/17/2023, 4:24:31 PM GMT+5"",""resolved"":""N/A""},{""text"":""снова слетела активация (уже несколько раз тут не писал об этом, стабильно слетает раз в 1-2 дня)\n"",""by"":""alexey.alexeev@tangovision.ru"",""assigned"":false,""date"":""12/16/2023, 6:56:43 PM GMT+5"",""resolved"":""N/A""},{""text"":""@Anatoly Generalov Снова слетела активация (6 раз) \nлоги изучил, не вижу ничего необычного\nпереустановлю наш враппер с нуля\n"",""by"":""alexey.alexeev@tangovision.ru"",""assigned"":false,""date"":""12/3/2023, 1:59:52 PM GMT+5"",""resolved"":""N/A""},{""text"":""@Anatoly Generalov пятый раз слетела активация\nСкрин не прикладываю, там все то же самое \n"",""by"":""alexey.alexeev@tangovision.ru"",""assigned"":false,""date"":""11/30/2023, 7:33:15 PM GMT+5"",""resolved"":""N/A""},{""text"":""Четвертый раз потеря активации на одном и том же терминале\nвот момент из логов\nimage.png\n"",""by"":""alexey.alexeev@tangovision.ru"",""assigned"":""anatoly.generalov@tangovision.ru"",""date"":""11/28/2023, 8:48:19 PM GMT+5"",""resolved"":true},{""text"":""Третий раз слетела активация на этом же терминале\nВсе выходные был с пин-кодом\nimage.png\n"",""by"":""alexey.alexeev@tangovision.ru"",""assigned"":""anatoly.generalov@tangovision.ru"",""date"":""11/27/2023, 12:07:18 PM GMT+5"",""resolved"":true},{""text"":""image.pngвот логи момента потери активации\n"",""by"":""alexey.alexeev@tangovision.ru"",""assigned"":false,""date"":""11/23/2023, 10:06:24 PM GMT+5"",""resolved"":""N/A""},{""text"":""@Anatoly Generalov Толя, сегодня второй раз слетела активация в Галерее на одном терминале, прошлый раз слетала 10 дней назад, см. выше\n"",""by"":""alexey.alexeev@tangovision.ru"",""assigned"":""anatoly.generalov@tangovision.ru"",""date"":""11/23/2023, 10:03:20 PM GMT+5"",""resolved"":true},{""text"":""Слетела активация\n"",""by"":""alexey.alexeev@tangovision.ru"",""assigned"":false,""date"":""11/13/2023, 12:39:19 PM GMT+5"",""resolved"":""N/A""}]","0", "",,NaN,
8692rrf2p,"gal_4_4 (сев эск down)","",Closed,1695191056585,"9/20/2023, 11:24:16 AM GMT+5",,"",,"",null,"[]","[]","[]",3,"Galeria","[""Russia kiosks""]","Terminals","","","{}","[]","0", "",,NaN,
8692rrf2n,"gal_4_3 (сев эск up)","",Closed,1695191055997,"9/20/2023, 11:24:15 AM GMT+5",,"",,"",null,"[]","[]","[]",3,"Galeria","[""Russia kiosks""]","Terminals","","","{}","[]","0", "",,NaN,
8692rrf2c,"gal_3_1 (сев эск down)","",Closed,1695191052994,"9/20/2023, 11:24:12 AM GMT+5",,"",,"",null,"[]","[]","[]",3,"Galeria","[""Russia kiosks""]","Terminals","","","{}","[]","0", "",,NaN,
8692rrf24,"gal_2_2 (сев эск down)","",Closed,1695191050697,"9/20/2023, 11:24:10 AM GMT+5",,"",,"",null,"[]","[]","[]",3,"Galeria","[""Russia kiosks""]","Terminals","","","{}","[]","0", "",,NaN,
8692rrf28,"gal_2_3 (снежная королева)","",Closed,1695191051335,"9/20/2023, 11:24:11 AM GMT+5",,"",,"",null,"[]","[]","[]",3,"Galeria","[""Russia kiosks""]","Terminals","","","{}","[]","0", "",,NaN,
8692rrf20,"gal_2_1 (сев эск up)","",Closed,1695191049999,"9/20/2023, 11:24:09 AM GMT+5",,"",,"",null,"[{""title"":""image.png"",""url"":""https://t4602024.p.clickup-attachments.com/t4602024/7f9da128-1383-4477-a41a-956518534961/image.png""},{""title"":""image.png"",""url"":""https://t4602024.p.clickup-attachments.com/t4602024/a3f30d58-5afb-441a-84af-c278aad42093/image.png""}]","[]","[]",3,"Galeria","[""Russia kiosks""]","Terminals","","","{}","[{""text"":""image.png\n"",""by"":""alexey.alexeev@tangovision.ru"",""assigned"":false,""date"":""10/13/2023, 12:01:13 PM GMT+5"",""resolved"":""N/A""},{""text"":""@Anatoly Generalov \nслетела активация\nimage.png\n"",""by"":""alexey.alexeev@tangovision.ru"",""assigned"":false,""date"":""10/13/2023, 12:00:09 PM GMT+5"",""resolved"":""N/A""}]","0", "",,NaN,
8692rrewm,"msk_ohr_5 (Calliope) [6993] V4K","",Closed,1695190997203,"9/20/2023, 11:23:17 AM GMT+5",,"",,"",null,"[]","[]","[]",3,"Okhotny Ryad","[""Russia kiosks""]","Terminals","","","{}","[]","0", "",,NaN,
8692rrewq,"msk_ohr_4 (Adamas) [6992] V4K ","",Closed,1695190998494,"9/20/2023, 11:23:18 AM GMT+5",,"",,"",null,"[]","[]","[]",3,"Okhotny Ryad","[""Russia kiosks""]","Terminals","","","{}","[]","0", "",,NaN,
8692rrewu,"msk_ohr_6 (Love Republic) [7362] V4K","",Closed,1695190999416,"9/20/2023, 11:23:19 AM GMT+5",,"",,"",null,"[]","[]","[]",3,"Okhotny Ryad","[""Russia kiosks""]","Terminals","","","{}","[]","0", "",,NaN,
8692rrewy,"msk_ohr_8 (Shelle) [7360] V4K","",Closed,1695191000660,"9/20/2023, 11:23:20 AM GMT+5",,"",,"",null,"[]","[]","[]",3,"Okhotny Ryad","[""Russia kiosks""]","Terminals","","","{}","[]","0", "",,NaN,
8692rrex0,"msk_ohr_10 (фонтан) [7435] V4K","",Closed,1695191001271,"9/20/2023, 11:23:21 AM GMT+5",,"",,"",null,"[]","[]","[]",3,"Okhotny Ryad","[""Russia kiosks""]","Terminals","","","{}","[]","0", "",,NaN,
8692rrex4,"msk_ohr_2(street beat) [7438] V4K","",Closed,1695191002924,"9/20/2023, 11:23:22 AM GMT+5",,"",,"",null,"[]","[]","[]",3,"Okhotny Ryad","[""Russia kiosks""]","Terminals","","","{}","[]","0", "",,NaN,
8692rrex3,"msk_ohr_1 (tezenis) [7437] V4K","",Closed,1695191002396,"9/20/2023, 11:23:22 AM GMT+5",,"",,"",null,"[]","[]","[]",3,"Okhotny Ryad","[""Russia kiosks""]","Terminals","","","{}","[]","0", "",,NaN,
8692rrex2,"msk_ohr_9 (Incity) [7436] V4K","",Closed,1695191001824,"9/20/2023, 11:23:21 AM GMT+5",,"",,"",null,"[]","[]","[]",3,"Okhotny Ryad","[""Russia kiosks""]","Terminals","","","{}","[]","0", "",,NaN,
8692rrewv,"msk_ohr_7 (Rendez-vous) V4K","",Closed,1695190999961,"9/20/2023, 11:23:19 AM GMT+5",,"",,"",null,"[]","[]","[]",3,"Okhotny Ryad","[""Russia kiosks""]","Terminals","","","{}","[]","0", "",,NaN,
8692rrewp,"msk_ohr_3 (Мармеладный мир) [6991] V4K","",Open,1695190997781,"9/20/2023, 11:23:17 AM GMT+5",,"",,"",null,"[{""title"":""image.png"",""url"":""https://t4602024.p.clickup-attachments.com/t4602024/d2c21e6e-ebf0-465d-9875-f886169ec32f/image.png""},{""title"":""image.png"",""url"":""https://t4602024.p.clickup-attachments.com/t4602024/c6e5a884-9f26-497a-9e9e-f5d1e89f31b1/image.png""},{""title"":""WhatsApp Video 2024-11-18 at 18.12.04.mp4"",""url"":""https://t4602024.p.clickup-attachments.com/t4602024/1703b310-1b28-497c-ac6d-b69d8c8cf6fa/WhatsApp%20Video%202024-11-18%20at%2018.12.04.mp4""},{""title"":""WhatsApp Video 2024-11-18 at 18.12.05.mp4"",""url"":""https://t4602024.p.clickup-attachments.com/t4602024/6103f649-a499-411b-86a4-8364c907320a/WhatsApp%20Video%202024-11-18%20at%2018.12.05.mp4""},{""title"":""WhatsApp Image 2024-11-18 at 18.12.04 (1).jpeg"",""url"":""https://t4602024.p.clickup-attachments.com/t4602024/9e0bae50-8c9b-4910-b4ea-10e096b0b394/WhatsApp%20Image%202024-11-18%20at%2018.12.04%20(1).jpeg""},{""title"":""WhatsApp Image 2024-11-18 at 18.12.04.jpeg"",""url"":""https://t4602024.p.clickup-attachments.com/t4602024/a7d83086-7851-4146-96d5-b9866e2da81e/WhatsApp%20Image%202024-11-18%20at%2018.12.04.jpeg""}]","[Paul Hornet]","[]",3,"Okhotny Ryad","[""Russia kiosks""]","Terminals","","","{}","[{""text"":""связь с терминалом рвется несколько раз в день\nно контент актуальный\nimage.png\n"",""by"":""alexey.alexeev@pvutrix.com"",""assigned"":false,""date"":""11/19/2024, 12:02:59 AM GMT+5"",""resolved"":""N/A""},{""text"":""предположения - плохая сетевая карта или менее вероятно сдохла убунта\n"",""by"":""alexey.alexeev@pvutrix.com"",""assigned"":false,""date"":""11/19/2024, 12:02:32 AM GMT+5"",""resolved"":""N/A""},{""text"":""https://t4602024.p.clickup-attachments.com/t4602024/6103f649-a499-411b-86a4-8364c907320a/WhatsApp%20Video%202024-11-18%20at%2018.12.05.mp4?view=openWhatsApp%20Image%202024-11-18%20at%2018.12.04%20(1).jpeg\nimage.png\nприкладываю переписку с Денисом Орловым и его вложения\nWhatsApp%20Image%202024-11-18%20at%2018.12.04.jpeg\nhttps://t4602024.p.clickup-attachments.com/t4602024/1703b310-1b28-497c-ac6d-b69d8c8cf6fa/WhatsApp%20Video%202024-11-18%20at%2018.12.04.mp4?view=open\n"",""by"":""alexey.alexeev@pvutrix.com"",""assigned"":false,""date"":""11/19/2024, 12:01:58 AM GMT+5"",""resolved"":""N/A""},{""text"":""@Paul Hornet \n\n\n172.20.48.49\n212.45.4.55:60023\nпо этим айпишникам терминал пингуется, но ssh соединение подвисает, из ста попыток ни разу пароль не спросил\n"",""by"":""alexey.alexeev@pvutrix.com"",""assigned"":false,""date"":""11/19/2024, 12:00:20 AM GMT+5"",""resolved"":""N/A""}]","0", "",,NaN,
86936tdtt,"Esentai 4.tim.south VFHd","",Closed,1700826630599,"11/24/2023, 4:50:30 PM GMT+5",,"",,"",null,"[]","[]","[]",null,"Esentai Mall","[""Russia kiosks""]","Terminals","","","{}","[]","0", "",,NaN,
86938arzf,"Esentai 1.alf.nord HFHd","",Closed,1701419383190,"12/1/2023, 1:29:43 PM GMT+5",,"",,"",null,"[]","[]","[]",null,"Esentai Mall","[""Russia kiosks""]","Terminals","","","{}","[]","0", "",,NaN,
86938au73,"Esentai 2.tim.south HFHd","",Closed,1701419682690,"12/1/2023, 1:34:42 PM GMT+5",,"",,"",null,"[]","[]","[]",null,"Esentai Mall","[""Russia kiosks""]","Terminals","","","{}","[]","0", "",,NaN,
86938au57,"Esentai 2.alf.south VFHd","",Closed,1701419663794,"12/1/2023, 1:34:23 PM GMT+5",,"",,"",null,"[]","[]","[]",null,"Esentai Mall","[""Russia kiosks""]","Terminals","","","{}","[]","0", "",,NaN,
86938au29,"Esentai 2.alf.nord VFHd","",Closed,1701419637911,"12/1/2023, 1:33:57 PM GMT+5",,"",,"",null,"[]","[]","[]",null,"Esentai Mall","[""Russia kiosks""]","Terminals","","","{}","[]","0", "",,NaN,
86938attq,"Esentai 1.esnt.east VFHd","",Closed,1701419575837,"12/1/2023, 1:32:55 PM GMT+5",,"",,"",null,"[]","[]","[]",null,"Esentai Mall","[""Russia kiosks""]","Terminals","","","{}","[]","0", "",,NaN,
86938atyh,"Esentai 1.esnt.west VFHd","",Closed,1701419605937,"12/1/2023, 1:33:25 PM GMT+5",,"",,"",null,"[]","[]","[]",null,"Esentai Mall","[""Russia kiosks""]","Terminals","","","{}","[]","0", "",,NaN,
86938atky,"Esentai 1.alf.south HFHd","",Closed,1701419534058,"12/1/2023, 1:32:14 PM GMT+5",,"",,"",null,"[]","[]","[]",null,"Esentai Mall","[""Russia kiosks""]","Terminals","","","{}","[]","0", "",,NaN,
86938arv4,"Esentai -1.alf.south HFHd","",Closed,1701419347634,"12/1/2023, 1:29:07 PM GMT+5",,"",,"",null,"[{""title"":""image.png"",""url"":""https://t4602024.p.clickup-attachments.com/t4602024/03aee1ac-3f90-4af7-9303-abc3ca157402/image.png""}]","[]","[]",null,"Esentai Mall","[""Russia kiosks""]","Terminals","","","{}","[{""text"":""в Есентае со вчерашнего вечера киоск завис в таком положении\n"",""by"":""alexey.alexeev@tangovision.ru"",""assigned"":false,""date"":""12/9/2023, 10:39:53 AM GMT+5"",""resolved"":""N/A""},{""text"":""image.png@Anatoly Generalov \nТоля, у нас довольно часто эта проблема тоже проявляется\nна backing up old frontend version все висит и все\n"",""by"":""alexey.alexeev@tangovision.ru"",""assigned"":false,""date"":""12/9/2023, 10:39:21 AM GMT+5"",""resolved"":""N/A""}]","0", "",,NaN,
869371x21,"Esentai 3.tim.west VFHd","",Closed,1701069091053,"11/27/2023, 12:11:31 PM GMT+5",,"",,"",null,"[]","[]","[]",null,"Esentai Mall","[""Russia kiosks""]","Terminals","","","{}","[]","0", "",,NaN,
86936tdxn,"Esentai 4.alf.west VFHd","",Closed,1700826667468,"11/24/2023, 4:51:07 PM GMT+5",,"",,"",null,"[]","[]","[]",null,"Esentai Mall","[""Russia kiosks""]","Terminals","","","{}","[]","0", "",,NaN,
869371wvw,"Esentai 3.tim.east VFHd","",Closed,1701069069385,"11/27/2023, 12:11:09 PM GMT+5",,"",,"",null,"[]","[]","[]",null,"Esentai Mall","[""Russia kiosks""]","Terminals","","","{}","[]","0", "",,NaN,
869371wnm,"Esentai 3.alf.south VFHd","",Closed,1701069047659,"11/27/2023, 12:10:47 PM GMT+5",,"",,"",null,"[]","[]","[]",null,"Esentai Mall","[""Russia kiosks""]","Terminals","","","{}","[]","0", "",,NaN,
869371wc9,"Esentai 3.alf.nord VFHd","",Closed,1701069013887,"11/27/2023, 12:10:13 PM GMT+5",,"",,"",null,"[]","[]","[]",null,"Esentai Mall","[""Russia kiosks""]","Terminals","","","{}","[]","0", "",,NaN,
86936te5p,"Esentai 4.alf.east VFHd","",Closed,1700826725395,"11/24/2023, 4:52:05 PM GMT+5",,"",,"",null,"[]","[]","[]",null,"Esentai Mall","[""Russia kiosks""]","Terminals","","","{}","[]","0", "",,NaN,
86936te2g,"Esentai 1.tim.south HFHd","",Closed,1700826701203,"11/24/2023, 4:51:41 PM GMT+5",,"",,"",null,"[]","[]","[]",null,"Esentai Mall","[""Russia kiosks""]","Terminals","","","{}","[]","0", "",,NaN,
86936tdpk,"Esentai 4.tim.nord VFHd","",Closed,1700826604808,"11/24/2023, 4:50:04 PM GMT+5",,"",,"",null,"[]","[]","[]",null,"Esentai Mall","[""Russia kiosks""]","Terminals","","","{}","[]","0", "",,NaN,
8693vb47a," \nНе работает","",Closed,1708166469435,"2/17/2024, 3:41:09 PM GMT+5",,"",,"",86936tdtt,"[{""title"":""file_20.jpg"",""url"":""https://t4602024.p.clickup-attachments.com/t4602024/733e91a0-b502-4bf0-81fc-ca85ed0048c8/file_20.jpg""}]","[Alexey Alexeyev]","[]",null,"Esentai Mall","[""Russia kiosks""]","Terminals","600000","10 m","{}","[{""text"":""Терминал выключен, надо включить\n"",""by"":""alexey.alexeev@tangovision.ru"",""assigned"":false,""date"":""2/19/2024, 12:04:10 PM GMT+5"",""resolved"":""N/A""}]","0", "",,NaN,
8693vjfq4,"тормозит карта","",Closed,1708334113419,"2/19/2024, 2:15:13 PM GMT+5",,"",,"",86938arv4,"[{""title"":""image.png"",""url"":""https://t4602024.p.clickup-attachments.com/t4602024/8be3bf30-d356-4f59-ad43-d982c7f715fa/image.png""},{""title"":""file_21.MP4"",""url"":""https://t4602024.p.clickup-attachments.com/t4602024/eb0bb6f3-73a7-4c25-b8a0-547b7f34c845/file_21.MP4""}]","[Alexey Alexeyev]","[]",null,"Esentai Mall","[""Russia kiosks""]","Terminals","600000","10 m","{}","[{""text"":""Загрузка процессора и памяти в норме. Есть подозрения на проблемы с тач интерфейсом. Если проблема повторится, просим провести траблшутинг с подключением мышки, чтобы подтвердить или опровергнуть гипотезу с проблемным с тачем.\n"",""by"":""pavel@tango.vision"",""assigned"":false,""date"":""2/19/2024, 2:32:30 PM GMT+5"",""resolved"":""N/A""},{""text"":""image.png\n"",""by"":""pavel@tango.vision"",""assigned"":false,""date"":""2/19/2024, 2:30:41 PM GMT+5"",""resolved"":""N/A""}]","0", "",,NaN,
8693xcn6k,"нету изображения","",Closed,1708922187826,"2/26/2024, 9:36:27 AM GMT+5",,"",,"",86938au57,"[{""title"":""image.png"",""url"":""https://t4602024.p.clickup-attachments.com/t4602024/60ce8d16-126b-4f44-9e3b-e4b793202732/image.png""}]","[Alexey Alexeyev]","[]",null,"Esentai Mall","[""Russia kiosks""]","Terminals","600000","10 m","{}","[{""text"":""@Alexey Alexeyev бери задачу сначала в работу плиз, а потом закрывай, а то у меня воркфлоу не отрабатывает полностью как надо\n"",""by"":""pavel@tango.vision"",""assigned"":false,""date"":""2/29/2024, 12:10:03 AM GMT+5"",""resolved"":""N/A""},{""text"":""Обновил ПО (wrapper) до версии 1.17.40 на всех стойках\nкроме стойки 1.alf.nord , с ней нет связи ни локально, ни через VPN\nПопросил Романа Белоусова перезагрузить стойку по питанию\n"",""by"":""alexey.alexeev@tangovision.ru"",""assigned"":false,""date"":""2/26/2024, 10:53:33 AM GMT+5"",""resolved"":""N/A""},{""text"":""image.png\n"",""by"":""alexey.alexeev@tangovision.ru"",""assigned"":false,""date"":""2/26/2024, 10:53:06 AM GMT+5"",""resolved"":""N/A""}]","0", "",,NaN,
8693yj14f," test","",Closed,1709187265078,"2/29/2024, 11:14:25 AM GMT+5",,"",,"",86936tdtt,"[]","[Alexey Alexeyev]","[]",null,"Esentai Mall","[""Russia kiosks""]","Terminals","600000","10 m","{}","[{""text"":""Тест успешен\n"",""by"":""pavel@tango.vision"",""assigned"":false,""date"":""2/29/2024, 11:17:51 AM GMT+5"",""resolved"":""N/A""}]","0", "",,NaN,
8694022wh," Все \nПрошу изменить время на всех навигаторах \nВ связи с переходом на часовой пояс +5 \nНужно перевести на час назад","",Closed,1709646203174,"3/5/2024, 6:43:23 PM GMT+5",,"",,"",86938arv4,"[]","[Alexey Alexeyev]","[]",null,"Esentai Mall","[""Russia kiosks""]","Terminals","600000","10 m","{}","[{""text"":""Я проверил на двух навигаторах - там уже стоит верное время\n"",""by"":""alexey.alexeev@tangovision.ru"",""assigned"":false,""date"":""3/5/2024, 8:29:49 PM GMT+5"",""resolved"":""N/A""}]","0", "",,NaN,
8694hu08d,"мерцает реклама","",Closed,1715593421169,"5/13/2024, 2:43:41 PM GMT+5",,"",,"",86938arzf,"[{""title"":""Запись экрана 2024-05-14 в 12.55.02.mov"",""url"":""https://t4602024.p.clickup-attachments.com/t4602024/fa6b03ed-12e3-4094-987f-4fd0ecd4c755/%D0%97%D0%B0%D0%BF%D0%B8%D1%81%D1%8C%20%D1%8D%D0%BA%D1%80%D0%B0%D0%BD%D0%B0%202024-05-14%20%D0%B2%2012.55.02.mov""},{""title"":""Запись экрана 2024-05-14 в 12.45.44.mov"",""url"":""https://t4602024.p.clickup-attachments.com/t4602024/d8ad83a8-2dfb-430f-917b-e26c813510f1/%D0%97%D0%B0%D0%BF%D0%B8%D1%81%D1%8C%20%D1%8D%D0%BA%D1%80%D0%B0%D0%BD%D0%B0%202024-05-14%20%D0%B2%2012.45.44.mov""},{""title"":""WhatsApp Video 2024-05-14 at 14.05.49.mp4"",""url"":""https://t4602024.p.clickup-attachments.com/t4602024/d823675a-491c-4fa6-a713-b8e3a2665a7b/WhatsApp%20Video%202024-05-14%20at%2014.05.49.mp4""},{""title"":""Ошибка .html"",""url"":""https://t4602024.p.clickup-attachments.com/t4602024/eed3b776-64fa-4aab-b7d5-81d9eb53759d/%D0%9E%D1%88%D0%B8%D0%B1%D0%BA%D0%B0%20.html""},{""title"":""WhatsApp Video 2024-05-14 at 14.05.54.mp4"",""url"":""https://t4602024.p.clickup-attachments.com/t4602024/0db9480c-7f64-4310-b8fd-92a4fd53ad35/WhatsApp%20Video%202024-05-14%20at%2014.05.54.mp4""},{""title"":""WhatsApp Video 2024-05-14 at 14.05.31.mp4"",""url"":""https://t4602024.p.clickup-attachments.com/t4602024/cbd3262a-2e37-4599-bfea-44bf8250fffd/WhatsApp%20Video%202024-05-14%20at%2014.05.31.mp4""},{""title"":""WhatsApp Video 2024-05-14 at 14.05.49.mp4"",""url"":""https://t4602024.p.clickup-attachments.com/t4602024/20e3026f-0b46-46ed-8fdd-d742a370c5ac/WhatsApp%20Video%202024-05-14%20at%2014.05.49.mp4""},{""title"":""file_22.MP4"",""url"":""https://t4602024.p.clickup-attachments.com/t4602024/bb79e39c-b03e-447f-8d10-dea1f7f7a0b1/file_22.MP4""}]","[Alexey Alexeyev]","[]",null,"Esentai Mall","[""Russia kiosks""]","Terminals","600000","10 m","{}","[{""text"":""что с этой задачей? закрываем?\n"",""by"":""pavel@tango.vision"",""assigned"":""anatoly.generalov@tangovision.ru"",""date"":""5/28/2024, 4:10:33 PM GMT+5"",""resolved"":true},{""text"":""У меня тоже время не логируется. Заведу новую задачу на доске Kiosk interface\n\n8694jf61d\n"",""by"":""anton.babushkin@tangovision.ru"",""assigned"":false,""date"":""5/15/2024, 1:14:47 PM GMT+5"",""resolved"":""N/A""},{""text"":""@Pavel Shershniov не могу логировать время сюда, буду в тех вопросы дня\n"",""by"":""anatoly.generalov@tangovision.ru"",""assigned"":false,""date"":""5/14/2024, 3:01:12 PM GMT+5"",""resolved"":""N/A""},{""text"":""Если оставить терминал открытым минут на 5, то начинает мерцать еще чаще, энергичней, быстрее\nЗапись экрана 2024-05-14 в 12.55.02.movhttps://new3d.tango.vision/app/map?token=efb33f538b62ccd95f2b6b66f2e0dbbea5f3736699fd63770dbae931d69b3e2972c91b6a28172ad8a07fe4cf1860634733cfc4da9de4a5dfaa0e435b5f191bbac6990e1d3f346ad3ceb4125d7f8d3ccfe3d3502142c6dc3fc517209addb4e0fb615aeaf17c289c3c7758e7559c79051950b207c1e9e324278356f4f5e4ac164d\n"",""by"":""anton.babushkin@tangovision.ru"",""assigned"":false,""date"":""5/14/2024, 2:57:02 PM GMT+5"",""resolved"":""N/A""},{""text"":""Запись экрана 2024-05-14 в 12.45.44.mov\n"",""by"":""anton.babushkin@tangovision.ru"",""assigned"":false,""date"":""5/14/2024, 2:56:01 PM GMT+5"",""resolved"":""N/A""},{""text"":""@Anatoly Generalov у меня воспроизводится, в консоле сыпятся ошибки. Записал видео\n"",""by"":""anton.babushkin@tangovision.ru"",""assigned"":false,""date"":""5/14/2024, 2:51:03 PM GMT+5"",""resolved"":""N/A""},{""text"":""Татьяна прислала на почту:\nВо вложении видео, как на данный момент работают тачскрины, подскажите, в чем это может быть проблема?\nWhatsApp Video 2024-05-14 at 14.05.54.mp4WhatsApp Video 2024-05-14 at 14.05.31.mp4WhatsApp Video 2024-05-14 at 14.05.49.mp4\n"",""by"":""evgeniya.lukich@tangovision.ru"",""assigned"":false,""date"":""5/14/2024, 2:37:16 PM GMT+5"",""resolved"":""N/A""}]","0", "",,NaN,
8694hzej7,"нету картинки","",Closed,1715613281510,"5/13/2024, 8:14:41 PM GMT+5",,"",,"",86936te2g,"[{""title"":""image.png"",""url"":""https://t4602024.p.clickup-attachments.com/t4602024/d6590b76-8a78-4c93-a7c5-860a2afa889f/image.png""},{""title"":""image.png"",""url"":""https://t4602024.p.clickup-attachments.com/t4602024/2c509fa3-2a68-4f4c-acd4-50e494b934b6/image.png""},{""title"":""file_23.MP4"",""url"":""https://t4602024.p.clickup-attachments.com/t4602024/182000ab-cf36-45cc-b4f5-63c005748d17/file_23.MP4""}]","[Alexey Alexeyev]","[]",null,"Esentai Mall","[""Russia kiosks""]","Terminals","600000","10 m","{}","[{""text"":""image.png\n"",""by"":""alexey.alexeev@tangovision.ru"",""assigned"":false,""date"":""5/14/2024, 12:14:31 PM GMT+5"",""resolved"":""N/A""},{""text"":""@Anatoly Generalov \nimage.png\nТоля, фронты этого терминала жалуются на slow network\nможет это быть причиной отсутствия картинки?\n@Anatoly Generalov \n"",""by"":""alexey.alexeev@tangovision.ru"",""assigned"":false,""date"":""5/14/2024, 12:14:11 PM GMT+5"",""resolved"":""N/A""}]","0", "",,NaN,
8694j32t6,"2,3 мерцает картинка","",Closed,1715660185966,"5/14/2024, 9:16:25 AM GMT+5",,"",,"",86938arv4,"[{""title"":""file_24.MOV"",""url"":""https://t4602024.p.clickup-attachments.com/t4602024/916b0f5b-5328-4a1d-9ac7-6cad960038a0/file_24.MOV""}]","[Anatoly Generalov,Alexey Alexeyev]","[]",null,"Esentai Mall","[""Russia kiosks""]","Terminals","600000","10 m","{}","[{""text"":""@Anatoly Generalov need your attention pls\n"",""by"":""alexey.alexeev@tangovision.ru"",""assigned"":false,""date"":""5/14/2024, 12:06:02 PM GMT+5"",""resolved"":""N/A""}]","0", "",,NaN,
8693yg921," тест","",Open,1709147205408,"2/29/2024, 12:06:45 AM GMT+5",,"",,"",86936tdtt,"[]","[]","[]",null,"Esentai Mall","[""Russia kiosks""]","Terminals","600000","10 m","{}","[]","0", "",,NaN,
